,Title,Location,Company
0,Senior Python Developer,"Stewartbury, AA","Payne, Roberts and Davis"
1,Software Engineer (Python),"Ericberg, AE",Garcia PLC
2,Python Programmer (Entry-Level),"Port Sara, AE","Moss, Duncan and Allen"
3,Python Programmer (Entry-Level),"West Victor, AE",Cooper and Sons
4,Software Developer (Python),"Brockburgh, AE",Adams-Brewer
5,Python Developer,"East Michaelfort, AA",Rivera and Sons
6,"Back-End Web Developer (Python, Django)","South Kimberly, AA",Stewart-Alexander
7,"Back-End Web Developer (Python, Django)","New Elizabethside, AA","Jackson, Ali and Mckee"
8,Python Programmer (Entry-Level),"Robertborough, AP",Mathews Inc
9,Software Developer (Python),"Martinezburgh, AE",Moreno-Rodriguez
